{
	"easycom": {
		"autoscan": true,
		"^u-(.*)": "uview-ui/components/u-$1/u-$1.vue",
		"^uni-(.*)": "@dcloudio/uni-ui/lib/uni-$1/uni-$1.vue"
	},
	"pages": [
		{
			"path": "pages/index/index",
			"style": {
				"navigationBarTitleText": "Gym-KneeThaiMay"
			}
		},
		{
			"path": "pages/login/login",
			"style": {
				"navigationBarTitleText": "Login"
			}
		},
		{
			"path": "pages/register/register",
			"style": {
				"navigationBarTitleText": "Register"
			}
		},
		{
			"path": "pages/detail/detail",
			"style": {
				"navigationBarTitleText": "Detail"
			}
		},
		{
			"path": "pages/Announcement/detail",
			"style": {
				"navigationBarTitleText": "Anouncement Edit"
			}
		},
		{
			"path": "pages/welcome/welcome",
			"style": {
				"navigationBarTitleText": "Welcome"
			}
		},
		{
			"path": "pages/profile/profile",
			"style": {
				"navigationBarTitleText": "Announcement"
			}
		},
		{
			"path": "pages/detail/place",
			"style": {
				"navigationBarTitleText": "Place"
			}
		},
		{
			"path": "pages/profile/order",
			"style": {
				"navigationBarTitleText": "Order"
			}
		},
		{
			"path": "pages/payment/payment",
			"style": {
				"navigationBarTitleText": "Payment"
			}
		},
		{
			"path": "pages/facility/facility",
			"style": {
				"navigationBarTitleText": "Facility"
			}
		},
		{
			"path": "pages/order/detail",
			"style": {
				"navigationBarTitleText": "Order Detail"
			}
		},
		{
			"path": "pages/profile/setting",
			"style": {
				"navigationBarTitleText": "Setting"
			}
		},
		{
			"path": "pages/user/user",
			"style": {
				"navigationBarTitleText": "user"
			}
		},
		{
			"path": "pages/profile/wallet",
			"style": {
				"navigationBarTitleText": "Wallet"
			}
		},
		{
			"path": "pages/QRcode/QRcode",
			"style": {
				"navigationBarTitleText": "QRcode"
			}
		},
		{
			"path": "pages/index/order",
			"style": {
				"navigationBarTitleText": "Order"
			}
		}
	],
	"globalStyle": {
		"navigationBarTextStyle": "black",
		"navigationBarTitleText": "uni-app",
		"navigationBarBackgroundColor": "#e4f0e5",
		"backgroundColor": "#f3f3f3"
	},
	"tabBar": {
		"color": "#7A7E83",
		"selectedColor": "#3cc51f",
		"borderStyle": "black",
		"backgroundColor": "#ffffff",
		"list": [
			{
				"pagePath": "pages/index/index",
				"iconPath": "static/home.svg",
				"selectedIconPath": "static/home.svg"
			},
			{
				"pagePath": "pages/facility/facility",
				"iconPath": "static/profile.svg",
				"selectedIconPath": "static/profile.svg"
			},
			{
				"pagePath": "pages/profile/profile",
				"iconPath": "static/profile.svg",
				"selectedIconPath": "static/profile.svg"
			},
			{
				"pagePath": "pages/user/user",
				"iconPath": "static/home.svg",
				"selectedIconPath": "static/profile.svg"
			},
			{
				"pagePath": "pages/QRcode/QRcode",
				"iconPath": "static/profile.svg",
				"selectedIconPath": "static/profile.svg"
			}
		]
	}
}
